species,Code,Habit,Form,Habitat,Phnlgy,Path,STAT,Ref_Voucher
abutilon malacum,ABMA ,  P  , FORB , BF  ,        SU   ,C3   , NAT , CJ1040 S-1950
acacia constricta,ACCO ,  P  ,SHRUB , BF  ,        SP   ,C3   , NAT , CJ 772
acacia neovernicosa,ACNE ,  P  ,SHRUB , BF  ,        SP   ,C3   , NAT , CJ 772
acalypha neomexicana,ACNM ,  A  , FORB , BS  ,        SU   ,.    , NAT , CJ 945
acanthochiton wrightii,ACWR ,  A  , FORB , MR  ,        SU   ,.    , .   , CJ 562
allionia choisyi,ALCH ,  P  , FORB , GB  ,        SU   ,.    , NAT,
allionia incarnata,ALIN ,  P  , FORB , BF  ,        SU   ,C4   , NAT , CJ 577
allium macropetalum,ALMA ,  P  , FORB , BF  ,        SP   ,C3   , NAT , CJ 389 S-2220
aloysia wrightii,ALWR ,  P  ,SHRUB , MS  ,        SP   ,C3   , NAT , CJ1334
amaranthus blitoides,AMBL ,  A  , FORB , PC  ,        SU   ,C4   , NAT , CJ 560 S-2371
amaranthus crassipes,AMCR ,  A  , FORB , PS  ,        SU   ,.    , .,
amaranthus fimbriatus,AMFI ,  A  , FORB , BS  ,        SU   ,C4   , NAT , CJ 558
amaranthus palmeri,AMPA ,  A  , FORB , PC  ,        SU   ,C4   , NAT , CJ 555 S-2370
amaranthus pubescens,AMPU ,  A  , FORB , PC  ,        SU   ,C4   , NAT , CJ 560 S-2365
ambrosia acanthicarpa,AMAC ,  A  , FORB ," MW,P",T       SU   ,.    , NAT , CJ1632 P-315
ammocodon chenopodioides,AMCH ,  P  , FORB , BS  ,        SU   ,C4   , NAT , CJ 587 S-2156
amsonia arenaria,AMAR ,  P  , FORB , .   ,        SP   ,.    , NAT , CJ1214
anoda cristata,ANCR ,  A  , FORB , GS  ,        SU   ,.    , NAT , CJ1054
aphanostephus ramosissimus,APRA ,  A  , FORB , BF  ,        SP   ,C3   , NAT , CJ1613
apodanthera undulata,APUN ,  P  , FORB , BF  ,        SU   ,.    , NAT , CJ1510
aristida adscensionis,ARAD ,  A  ,GRASS , BF  ,        SU   ,C4   , NAT , KA  51 S-2358
aristida glauca,ARNE,,,,,,,
aristida hamulosa,ARHA,,,,,,,
aristida havardii,ARVA ,  P  ,GRASS , .   ,        SU   ,C4   , NAT , KA  53
aristida longiseta,ARLO,,,,,,,
aristida pansa,ARDI ,  P  ,GRASS , .   ,        SU   ,C4   , NAT , KA  55
aristida pansa,ARPA ,  P  ,GRASS , .   ,     SP-SU   ,C4   , NAT , KA  55
aristida purpurea,ARLO ,  P  ,GRASS , BF  ,     SP-SU   ,C4   , NAT , KA  56 S-2252
aristida purpurea,ARNE ,  P  ,GRASS , BF  ,     SP-SU   ,C4   , NAT , KA  56
aristida purpurea,ARPE ,  P  ,GRASS , GX  ,     SP-SU   ,C4   , NAT , KA
aristida purpurea,ARPU ,  P  ,GRASS , BF  ,        SP   ,C4   , NAT , KA  55
aristida purpurea,ARWR ,  P  ,GRASS , BF  ,        SU   ,C4   , NAT , KA  57
aristida ternipes,ARHA ,  P  ,GRASS , BF  ,        SU   ,C4   , NAT , KA  54
aristida ternipes,ARTE ,  P  ,GRASS , BF  ,        SU   ,C4   , NAT , KA  52
aristida wrightii,ARWR,,,,,,,
artemisia glauca,ARGA ,  P  , FORB ,     ,        SU   ,C3   , NAT , CJ1707
artemisia ludoviciana,ARLU ,  P  ,S-SHR , MS  ,        SU   ,C3   , NAT , CJ1706
asclepias brachystephana,ASBR ,  P  , FORB , BS  ,     SP-SU   ,C3   , NAT , CJ1232 S-2289
asclepias nyctaginifolia,ASNY ,  P  , FORB , TW  ,     SP-SU   ,.    , NAT , KP662  P-376
asclepias subverticillata,ASSU ,  P  , FORB , PS  ,     SP-SU   ,C3   , NAT , CJ1231
astragalus allochrous,ASAL ,  B  , FORB , BF  ,        SP   ,C3   , NAT , CJ 847 S-2210
astragalus crassicarpus,ASCR ,  P  , FORB , GI  ,        SP   ,.    , NAT , CT 845
astragalus mollissimus,ASMO ,  P  , FORB , BF  ,        SP   ,C3   , NAT , CJ 844
astragalus nuttallianus,ASNU ,  A  , FORB , BF  ,        SP   ,C3   , NAT , CJ 849 S-2224
astragalus tephrodes,ASTE ,  P  , FORB , BF  ,     SP-SU   ,C3   , NAT , KP 459 S-2231
astragalus wootonii,ASWO ,  A  , FORB , BF  ,        SP   ,C3   , NAT , CJ 847
atriplex canescens,ATCA ,  P  ,SHRUB , BS  ,     SP-SU   ,C4   , NAT , CJ 543
avena fatua,AVFA ,  A  ,GRASS , .   ,        .    ,.   I,NTRO , KA  59
bahia absinthifolia,BAAB ,  P  , FORB , BF  ,        SU   ,C3   , NAT , CJ1699 S-2151
bahia biternata,BABI ,  A  , FORB , BF  ,        SU   ,C3   , NAT , CJ1699 S-2391
bahia pedata,BAPE ,  A  , FORB , BF  ,        SU   ,C3   , NAT , CJ1698 S-2390
baileya multiradiata,BAMU ,  P  , FORB , BF  ,        SU   ,C3   , NAT , CJ1701 S-2253
berlandiera lyrata,BELY ,  P  , FORB , BS  ,        SP   ,C3   , NAT , CJ1624 W-s.n.
bidens heterosperma,BIHE ,  A  , FORB , BS  ,        SU   ,.    , NAT , KP 911
boerhavia coccinea,BOCO ,  P  , FORB , BF  ,        SU   ,C4   , NAT , CJ 595 S-1943
boerhavia gracillima,BOGL ,  P  , FORB , BF  ,        SU   ,C4   , NAT , CJ 595 S-1949
boerhavia intermedia,BOIN ,  A  , FORB , BF  ,        SU   ,C4   , NAT , CJ 596 S-2366
boerhavia spicata,BOSP ,  A  , FORB , BF  ,        SU   ,C4   , NAT , CJ 597 S-1947
boerhavia wrightii,BOWR ,  A  , FORB , BF  ,        SU   ,C4   , NAT , CJ 597
bothriochloa barbinodis,BOBR ,  P  ,GRASS , CC  ,        SU   ,.    , NAT , KA  90
bothriochloa ischaemum,BOIS ,  P  ,GRASS , .   ,        SU   ,.   I,NTRO , KA  61
bothriochloa saccaroides,BOTO,,,,,,,
bothriochloa laguroides,BOTO ,  P  ,GRASS , MS  ,        SU   ,C4   , NAT , KA  61
bothriochloa springfieldii,BOSR ,  P  ,GRASS , .   ,        SU   ,C4   , NAT , KA  62
bouteloua aristidoides,BOAR ,  A  ,GRASS , BS  ,        SU   ,C4   , NAT , KA  65
bouteloua barbata,BOBA ,  A  ,GRASS , BF  ,        SU   ,C4   , NAT , KA  68 S-2357
bouteloua curtipendula,BOCU ,  P  ,GRASS , BF  ,        SU   ,C4   , NAT , KA  65 S-2364
bouteloua eriopoda,BOER ,  P  ,GRASS , BS  ,        SU   ,C4   , NAT , KA  63 S-2385
brachiaria arizonica,BRAR ,  A  ,GRASS , GI  ,        SU   ,C4   , NAT , KA  70
brachiaria fasciculata,BRFA ,  A  ,GRASS , GS  ,        SU   ,C4   , NAT , KA  70
brickellia californica,BRCA ,  P  ,SHRUB , MS  ,        SU   ,C3   , NAT , CJ1546
brickellia laciniata,BRLA ,  P  ,SHRUB , BA  ,        SU   ,C3   , NAT , CJ1546
caesalpinia jamesii,CAJA ,  P  , FORB , .   ,     SP-SU   ,.    , NAT , CJ 796
calliandra humilis,CAHU ,  P  , FORB , PC  ,     SP-SU   ,C3   , NAT , CJ 770 S-2372
early data,CAHA ,  P  ,S-SHR , PC  ,     SP-SU   ,C3   , NAT , CJ 770 S-2372
calycoseris wrightii,CAWR ,  A  , FORB , BF  ,        SP   ,C3   , NAT , CJ1729 S&W-2806
camissonia chamaenerioides,CACH ,  A  , FORB , BF  ,        SP   ,C3   , NAT , CJ1121
carlowrightia linearifolia,CALI ,  P  ,S-SHR , BF  ,        SU   ,C3   , NAT , CJ1468 S-1945
cassia bauhinioides,CABA ,  P  , FORB , BF  ,     SP-SU   ,C3   , NAT , CJ 787 L-1227
cenchrus incertus,CEIN ,  A  ,GRASS , .   ,     SP-SU   ,.    , NAT , KA  81
ceratoides lanata,CELA ,  P  ,SHRUB , BF  ,        SU   ,C3   , NAT , CJ 545
(cheno.) winterfat,ta),,,,,,,
cevallia sinuata,CESI ,  P  ,S-SHR , .   ,        SU   ,.    , NAT , CJ1063
chaenactis stevioides,CHST ,  A  , FORB , BF  ,        SP   ,C3   , NAT , KP 922 S-2255
chamaesaracha coronopus,CHCO ,  P  , FORB , GS  ,        SU   ,C3   , NAT , CJ1741
chamaesaracha sordida,CHSO ,  P  , FORB , BF  ,        SU   ,C3   , NAT , CJ1393
cheilanthes tomentosa,CHTO ,  P  , FERN , MS  ,             ,C3   , NAT , CJ  57
chenopodium incanum,CHIN ,  A  , FORB , PC  ,        SU   ,C3   , NAT , CJ 535 S-2363
chenopodium leptophyllum,CHLE ,  A  , FORB , PC  ,        SU   ,C3   , NAT , CJ 534
chilopsis linearis,CHLI ,  P  ,SHRUB , BA  ,     SP-SU   ,C3   , NAT , CJ1444
chloris virgata,CHVI ,  A  ,GRASS , BS  ,        SU   ,C4   , NAT , KA  82 S-2369
chrysothamnus pulchellus,CHPU ,  P  ,SHRUB , .   ,        SU   ,.    , NAT , CJ1577
cirsium ochrocentrum,CIOC ,  A  , FORB , PC  ,        SU   ,C3   , NAT , CJ1717 S-2378
commelina erecta,COER ,  P  , FORB , MS  ,        SU   ,C3   , NAT , CJ 358
condalia warnockii,COWA ,  P  ,SHRUB , BF  ,        SU   ,C3   , NAT , CJ1014
convolvulus equitans,COEQ ,  P  , FORB , GB  ,     SP-SU   ,.    , NAT , CJ1246
conyza canadensis,COCA ,  A  , FORB , PC  ,        SU   ,C3   , NAT , CJ1608
conyza coulteri,COCO ,  A  , FORB , PC  ,        SU   ,C3   , NAT , CJ1609
corispermum nitidum,CONI ,  A  , FORB , MW  ,        SU   , .  I,NTRO , CJ 547
corydalis aurea,COAU ,  A  , FORB , PC  ,        SP   ,C3   , NAT , CJ 670 S&W-2804
coryphantha macromeris,COMA ,  P  ,ST-SU , BF  ,        SP  C,AM   , NAT , CJ1110
coryphantha scheeri,COSC ,  P  ,ST-SU , GB T,W       .   C,AM   , NAT , CJ1110
coryphantha vivipara,COVI ,  P  ,ST-SU , BF  ,        SP  C,AM   , NAT , CJ1110
croton pottsii,CRPO ,  P  , FORB , BS  ,     SP-SU   ,C3   , NAT , CJ 936 S-2286
cryptantha angustifolia,CRAN ,  A  , FORB , BF  ,        SP   ,C3   , NAT , CJ1299 S-2258
cryptantha barbigera,CRBA ,  A  , FORB , TT  ,        SP   ,.    , NAT , CJ1299
cryptantha crassisepala,CRCR ,  A  , FORB , BF  ,        SP   ,C3   , NAT , CJ1298 S-2219
cryptantha jamesii,CRJA ,  P  , FORB , BF  ,        SP   ,C3   , NAT , CJ1299 S-2260
cryptantha micrantha,CRMI ,  A  , FORB , BF  ,        SP   ,C3   , NAT , CJ1296 S-2233
cryptantha pterocarya,CRPT ,  A  , FORB , BF  ,        SP   ,C3   , NAT , CJ1298
cryptantha pusilla,CRPU ,  A  , FORB , TW  ,        SP   ,.    , NAT , CJ1298
cucurbita foetidissima,CUFO ,  P  , VINE , BS  ,        SU   ,C3   , NAT , CJ1510 S-2290
cuscuta umbellata,CUUM ,  P  , VINE , PC  ,        SU  P,AR   , NAT , CJ1261 S-2379
cyperus esculentus,CYES ,  P  ,GRASS , PC  ,        SU   ,C4   , NAT , CJ 291
cyphomeris gypsophiloides,CYGY ,  P  , FORB , CG  ,        SU   ,.    , NAT , CJ 591
dalea formosa,DAFO ,  P  ,SHRUB , BF  ,        SP   ,C3   , NAT , CJ 826 S-2223
dalea nana,DANA ,  P  , FORB , GI  ,     SP-SU   ,C3   , NAT , CJ 825
dalea scoparia,DASC ,  P  ,SHRUB , .   ,        SU   ,.    , NAT , CJ 821
dasylirion wheeleri,DAWH ,  P  ,SHRUB , MS  ,     SP-SU   ,C3   , NAT , CJ 405
dasyochloa pulchella,DAPU ,  P  ,GRASS , BF  ,        SU   ,C4   , NAT , KA  87
datura wrightii,DAWR ,  P  , FORB , BS  ,     SP-SU   ,C3   , NAT , CJ1405
delphinium virescens,DEVI ,  P  , FORB , BS  ,        SU   ,.    , NAT , CJ 639
descurainia pinnata,DEPI ,  A  , FORB , BF  ,        SP   ,C3   , NAT , CJ 683 S-2216
desmanthus cooleyi,DECO ,  P  , FORB , GI  ,        SU   ,.    , NAT , CJ 781
digitaria californica,DICA ,  P  ,GRASS , BS  ,     SP-SU   ,C4   , NAT , KA  91
distichlis spicata,DISP ,  P  ,GRASS , BF  ,        SU   ,C4   , NAT , KA  92
dithyrea wislizenii,DIWI ,  B  , FORB , BF  ,        SP   ,C3   , NAT , CJ 706 S-2218
draba cuneifolia,DRCU ,  A  , FORB , BF  ,        SP   ,C3   , NAT , CJ 694 S-2226
dyssodia acerosa,DYAC ,  P  ,SHRUB , BF  ,     SP-SU   ,C3   , NAT , CJ1681 S-2225
dyssodia papposa,DYPA ,  A  , FORB , TE  ,        SU   ,.    , NAT , CJ1680
dyssodia pentachaeta,DYPE ,  P  , FORB , BD  ,     SP-SU   ,.    , NAT,
echinocactus horizonthalonius,ECHO ,  P  ,ST-SU , BF  ,        SP  C,AM   , NAT , CJ1104
echinocereus fendleri,ECFE ,  P  ,ST-SU , BF  ,        SP  C,AM   , NAT , CJ1097
echinocereus pectinatus,ECPE ,  P  ,ST-SU , BF  ,        SP  C,AM   , NAT , CJ1098
echinocereus triglochidiatus,ECTR ,  P  ,ST-SU , BF  ,        SP  C,AM   , NAT , CJ1096
echinochloa colonum,ECCO ,  A  ,GRASS , PC  ,        SU   ,.   I,NTRO , KA  93
enneapogon desvauxii,ENDE ,  P  ,GRASS , BF  ,        SU   ,C4   , NAT , KA 105 S-1951
ephedra trifurca,EPTR ,  P  ,SHRUB , BF  ,        SP   ,C3   , NAT , CJ  81 S-2256
ephedra torreyana,EPTO ,  P  ,SHRUB , BS  ,        SP   ,C3   , NAT , CJ  82 S&W-2807
eragrostis arida,ERMI,,,,,,,
eragrostis cilianensis,ERCI ,  A  ,GRASS , PC  ,        SU   ,C4  I,NTRO , KA 106 S-2356
eragrostis lehmanniana,ERLE ,  P  ,GRASS , BF  ,        SU   ,C4  I,NTRO , KA 109 S-2389
eragrostis pectinacea,ERMI ,  A  ,GRASS , PC  ,        SU   ,C4   , NAT , KA 108 S-2374
eragrostis pectinacea,ERPE ,  A  ,GRASS , PC  ,        SU   ,C4   , NAT , KA 107
eriastrum diffusum,ERDI ,  A  , FORB , BF  ,        SP   ,C3   , NAT , CJ1267 S-2207
ericameria laricifolia,ERLA ,  P  ,SHRUB , MS  ,        SU   ,C3   , NAT , CJ1578
erigeron bellidiastrum,ERBE ,  A  , FORB , BS  ,     SP-SU   ,C3   , NAT , CJ1607
erigeron divergens,ERDV ,  P  , FORB , BF  ,        SP   ,C3   , NAT , CJ1606 S-2232
eriogonum abertianum,ERAB ,  A  , FORB , BF  ,     SP-SU   ,C3   , NAT , CJ 516
eriogonum annuum,ERAN ,  A  , FORB , GI  ,     SP-SU   ,.    , .   , CJ 515
eriogonum rotundifolium,ERRO ,  A  , FORB , BS  ,     SP-SU   ,C3   , NAT , CJ 516
eriogonum trichopes,ERTR ,  A  , FORB , BS  ,     SP-SU   ,C3   , NAT , KP 238
eriogonum wrightii,ERWR ,  P  , FORB , BF  ,        SU   ,C3   , NAT , CJ 514
erioneuron pulchellum,DAPU,,,,,,,
erodium cicutarium,ERCC ,  A  , FORB , BS  ,        SP   ,C3  I,NTRO , CJ 892
erodium texanum,ERTE ,  A  , FORB , BS  ,        SP   ,C3   , NAT , CJ 892
erysimum capitatum,ERCA ,  P  , FORB ," CG,G",S    SP-SU   ,.    , NAT , CJ 688
eschscholzia mexicana,ESME ,  A  , FORB , BF  ,        SP   ,C3   , NAT , CJ 662 S-2209
eucrypta micrantha,EUMC ,  A  , FORB , MS  ,        SP   ,C3   , NAT , CJ1274
euphorbia albomarginata,EUAL ,  P  , FORB , BS  ,     SP-SU   ,C4   , NAT , CJ 980 S-2352
euphorbia dentata,EUDE ,  A  , FORB , GS  ,     SP-SU   ,C4   , NAT , CJ 970
euphorbia glyptosperma,EUGL ,  A  , FORB , BS  ,        SU   ,C4   , NAT , CJ 977 S-2354
euphorbia micromera,EUMI ,  A  , FORB , BF  ,        SU   ,C4   , NAT , CJ 978 S-2349
euphorbia parryi,EUPA ,  A  , FORB ,     ,        SU   ,.    , NAT , CJ 973
euphorbia revoluta,EURE ,  A  , FORB , BF  ,        SU   ,C4   , NAT , CJ 974
euphorbia serpyllifolia,EUSR ,  A  , FORB , BS  ,        SU   ,C4   , NAT , CJ 976 S-2375
euphorbia serrula,EUSE ,  A  , FORB , BS  ,        SU   ,C4   , NAT , CJ 983 S-2350
euphorbia setiloba,EUST ,  A  , FORB , BS  ,        SU   ,C4   , NAT , CJ 981
evolvulus nuttallianus,EVNU ,  P  , FORB , GI  ,     SP-SU   ,.    , NAT , CJ1244
fallugia paradoxa,FAPA ,  P  ,SHRUB , BA  ,     SP-SU   ,C3   , NAT , CJ 750
ferocactus wislizenii,FEWI ,  P  ,ST-SU , BF  ,        SU  C,AM   , NAT , CJ1103
flourensia cernua,FLCE ,  P  ,SHRUB , BS  ,        SU   ,C3   , NAT , CJ1653
fouquieria splendens,FOSP ,  P  ,SHRUB , MS  ,     SP-SU   ,C3   , NAT , CJ1070
froelichia arizonica,FRAR ,  P  , FORB , .   ,        SU   ,.    , NAT , CJ 570
gaillardia pinnatifida,GAPI ,  P  , FORB , GI  ,     SP-SU   ,.    , NAT , CJ1673
galium microphyllum,GAMI ,  P  , FORB , MS  ,     SP-SU   ,.    , NAT , CJ1482
gaura parviflora,GAPA ,  A  , FORB , PC  ,     SP-SU   ,C3   , NAT , CJ1124
garrya wrightii,GAWR ,  P  ,SHRUB , .   ,        SU   ,.    , NAT , CJ1171
gilia flavocincta,GIFL ,  A  , FORB , BF  ,        SP   ,C3   , NAT , CJ1266 S-2213
gilia mexicana,GIME ,  A  , FORB , BF  ,        SP   ,C3   , NAT , CJ1266
gilia sinuata,GISI ,  A  , FORB , BF  ,        SP   ,C3   , NAT , KP 691
grindelia squarrosa,GRSQ ,  A  , FORB , PC  ,        SU   ,C3   , NAT , CJ1571
haplopappus laricifolius,ERLA,,,,,,,
haplopappus gracilis,HAGR ,  A  , FORB , BF  ,        SU   ,C3   , NAT , CJ1583
hedyotis humifusa,HEHU ,  A  , FORB , UP13,     SP-SU   ,.    , NAT , CJ1489
helianthus annuus,HEAN ,  A  , FORB , GS  ,        SU   ,.    , NAT , CJ1641
helianthus ciliaris,HECI ,  P  , FORB , PC  ,        SU   ,C3   , NAT , CJ1651 L-1223
helianthus petiolaris,HEPE ,  A  , FORB , GI  ,        SU   ,.    , .   , CJ1652
heliotropium convolvulaceum,HECO ,  A  , FORB , GI  ,        SU   ,.    , NAT , CJ1290
heliotropium greggii,HEGR ,  P  , FORB , .   ,     SP-SU   ,.    , NAT , CJ1289
heterotheca fulcrata,HEFU ,  P  , FORB , MS  ,     SP-SU   ,C3   , NAT , CJ1568 S-1941
hilaria mutica,PLMU,,,,,,,
hoffmanseggia drepanocarpa,HODR ,  P  , FORB , GI  ,     SP-SU   ,C3   , NAT , CJ 798
hoffmanseggia glauca,HOGL ,  P  , FORB , PC  ,     SP-SU   ,C3   , NAT , CJ 797
hordeum murinum,HOMU ,  A  ,GRASS , CG  ,     WI-SP   ,C3   , INTR,  KA 124
hybanthus verticillatus,HYVE ,  P  , FORB , BS  ,     SP-SU   ,C3   , NAT , CJ1078 S-2288
hymenopappus flavescens,HYFL ,  B  , FORB , GI  ,     SP-SU   ,.    , .   , CJ1703
hymenoxys odorata,HYOD ,  A  , FORB , PC  ,        SU   ,C3   , NAT , CJ1678 L-1224
ibervillea tenuisecta,IBTE ,  P  , VINE , BF  ,        SU   ,C3   , NAT , CJ1511 S-2387
ipomoea costellata,IPCO ,  A  , VINE , GB  ,        SU   ,C3   , NAT , CJ1252
ipomoea cristulata,IPCR ,  P  , VINE , MS  ,        SU   ,C3   , NAT , CJ1250 S-1952
ipomopsis longiflora,IPLO ,  A  , FORB , BF  ,        SU   ,C3   , NAT , CJ1264
ipomopsis pumila,IPPU ,  A  , FORB , MW  ,        SP   ,.    , NAT , CJ1264
iva ambrosiaefolia,IVAM ,  A  , FORB , BF  ,        SU   ,C3   , NAT , CJ1629 S-2910
iva dealbata,IVDE ,  P  , FORB , .   ,        SU   ,.    , NAT ,   CJ1629
janusia gracilis,JAGR ,  P  , FORB , MS  ,        SU   ,C4   , NAT , CJ 913 S-1953
juniperus monosperma,JUMO ,  P  , TREE , MS  ,        .    ,C3   , NAT , CJ  78
kallstroemia hirsutissima,KAHI ,  A  , FORB , BS  ,        SU   ,C4   , NAT , CJ 905
kallstroemia parviflora,KAPA ,  A  , FORB , BS  ,        SU   ,C4   , NAT , CJ 904 S-2348
koeberlinia spinosa,KOSP ,  P  ,SHRUB , TWTE,      SP-SU  ,.    , NAT , CJ1074
krameria glandulosa,KRPA ,  P  ,SHRUB , BF  ,        SP   ,C3   , NAT , CJ 890
krameria lanceolata,KRLA ,  P  ,S-SHR , BS  ,        SU   ,C3   , NAT , CJ 889 S-2347
kuhnia chlorolepis,KUCH ,  P  , FORB , RS  ,        SU   ,.    , NAT , CJ1548
lappula redowskii,LARE ,  A  , FORB , BS  ,        SU   ,C3   , NAT , CJ1293 S-2221
larrea tridentata,LATR ,  P  ,SHRUB , BF  ,     SP-SU   ,C3   , NAT , CJ 901
lepidium lasiocarpum,LELA ,  A  , FORB , BF  ,        SP   ,C3   , NAT , CJ 696 S-2208
lepidium montanum,LEMO ,  P  , FORB , BF  ,        SP   ,C3   , NAT , CJ 695 P-6
lepidium virginicum,LEVI ,  A  , FORB , BF  ,        SP   ,C3   , NAT , CJ 697 S-2217
leptochloa dubia,LEDU ,  P  ,GRASS , MS  ,        SU   ,C4   , NAT , KA 126
leptochloa viscida,LEVS ,  A  ,GRASS , PC  ,        SU   ,C4   , NAT , KP 123
lesquerella fendleri,LEFE ,  P  , FORB , BF  ,        SP   ,C3   , NAT , CJ 704 S-2222
lesquerella gordonii,LEGO ,  A  , FORB , BF  ,        SP   ,C3   , NAT , CJ 702 S-2230
leucelene ericoides,LEER ,  P  , FORB , BF  ,        SP   ,C3   , NAT , CJ1600 S-2257
linanthus bigelovii,LIBI ,  A  , FORB , BF  ,        SP   ,C3   , NAT , CJ1267
linaria texana,LITE ,  A  , FORB , GS  ,        SP   ,.    , NAT , CJ1426
linum aristatum,LIAU ,  A  , FORM ," MW,E",N3   SP-SU   ,.    , .   , KP 489
linum vernale,LIVE ,  A  , FORB ," GI,M",W    SP-SU   ,.    , .   , CJ 900
lotus neomexicanus,LONE ,  P  , FORB , BF  ,        SP   ,C3   , NAT , KP 428 S-2211
lupinus concinnus,LUCO ,  A  , FORB , BF  ,        SP   ,C3   , NAT , CJ 803 S-2206
lycium berlandieri,LYBE ,  P  ,SHRUB , TA  ,        SP   ,.    , NAT , CJ1402
lycium pallidum,LYPA ,  P  ,SHRUB , TA  ,        SP   ,.    , NAT , CJ1401
machaeranthera gracilis,HAGR ,  A  , FORB , BF  ,        SU   ,C3   , NAT , CJ1583 S-2388
machaeranthera linearis,MALI ,  A  , FORB , MW  ,        SU   ,.    , NAT , CJ1584
machaeranthera pinnatifida,MAPI ,  P  , FORB , BS  ,     SP-SU   ,.    , .   , CJ1582
machaeranthera tanacetifolia,MATA ,  A  , FORB , BS  ,        SU   ,C3   , NAT , CJ1585 S-2903
malacothrix fendleri,MAFE ,  A  , FORB , BF  ,        SP   ,C3   , NAT , CJ1728 S-2214
mammillaria grahamii,MAGR ,  P  ,ST-SU , GS  ,         .  C,AM   , NAT , CJ1102
mammillaria gummifera,MAGU ,  P  ,ST-SU , BF  ,        SP  C,AM   , NAT , CJ1101
mammillaria wrightii,MAWR ,  P  ,ST-SU , MS  ,        SP  C,AM   , NAT , CJ1102
melampodium leucanthum,MELE ,  P  , FORB , BF  ,     SP-SU   ,C3   , NAT , CJ1621
menodora scabra,MESC ,  P  ,S-SHR , BF  ,        SU   ,C3   , NAT , CJ1196 S-1948
mentzelia albicaulis,MEAL ,  A  , FORB , BF  ,        SP   ,C3   , NAT , CJ1084 S-2234
mentzelia pumila,MEPU ,  A  , FORB , BF  ,     SP-SU   ,C3   , NAT , CJ1083 S-2254
microseris linearifolia,MILI ,  A  , FORB , BF  ,        SP   ,C3   , NAT , CJ1725
mirabilis linearis,MILN ,  P  , FORB , PC  ,        SU   , .   , NAT , CJ 583
mollugo cerviana,MOCE ,  A  , FORB , BF  ,        SU   ,C4   , NAT , CJ 602 S-2650
mollugo verticillata,MOVE ,  A  , FORB , GS  ,     SP-SU   ,C4   , NAT , CJ 602
morus microphylla,MOMI ,  P  ,SHRUB , MS  ,        SP   ,.    , NAT , CJ 497
muhlenbergia arenacea,MUAR ,  P  ,GRASS , BS  ,        SU   ,C4   , NAT , KA 138 W-s.n.
muhlenbergia arenicola,MUAN ,  P  ,GRASS , .   ,        SU   ,C4   , NAT , KA 145
muhlenbergia porteri,MUPO ,  P  ,GRASS , BF  ,        SU   ,C4   , NAT , KA 136 S-2361
munroa squarrosa,MUSQ ,  A  ,GRASS , MW  ,        SU   ,C4   , NAT , KA 150
(poac.) false,     ,     ,      , MR,,,,
nama hispidum,NAHI ,  A  , FORB , BF  ,        SP   ,C3   , NAT , CJ1279 S-2215
neolloydia intertexta,NEIN ,  P  ,ST-SU , BF  ,        SP  C,AM   , NAT , CJ1107
var. dasyacantha,.,,,,,,,
nicotiana trigonophylla,NITR ,  B  , FORB , BF  ,        SP   ,C3   , NAT , CJ1407
none -,NONE,,,,,,,
notholaena sinuata,NOSI ,  P  , FERN , MS  ,        .    ,C3   , NAT , CJ  59
notholaena standleyi,NOST ,  P  , FERN , MS  ,        .    ,C3   , NAT , CJ  60
oenothera albicaulis,OEAL ,  A  , FORB , BS  ,     SP-SU   ,C3   , NAT , CJ1131
oenothera caespitosa,OECA ,  P  , FORB , BS  ,        SP   ,C3   , NAT , CJ1130
oenothera primiveris,OEPR ,  A  , FORB , BS  ,        SP   ,C3   , NAT , CJ1130 S&W-2805
opuntia imbricata,OPIM ,  P  ,ST-SU , BF  ,     SP-SU  C,AM   , NAT , CJ1091
opuntia leptocaulis,OPLE ,  P  ,ST-SU , BF  ,     SP-SU  C,AM   , NAT , CJ1091
opuntia phaeacantha,OPPH ,  P  ,ST-SU , BF  ,     SP-SU  C,AM   , NAT , CJ1093 S&M-2530
opuntia violacea,OPVI ,  P  ,ST-SU , BF  ,     SP-SU  C,AM   , NAT , CJ1093 S&M-2531
palafoxia sphacelata,PASP ,  A  ,FORB  , GI  ,     SP-SU   , .   , NAT , CJ1697 P-310
panicum fasciculatum,BRFA,,,,,,,
panicum hallii,PAHA ,  P  ,GRASS , MS  ,        SP   ,C4   , NAT , KA 156
panicum hirticaule,PAHI ,  A  ,GRASS , BS  ,        SU   ,C4   , NAT , KA 153 S-2383
panicum obtusum,PAOB ,  P  ,GRASS , PC  ,        SU   ,C4   , NAT , KA 153
parthenium incanum,PAIN ,  P  ,SHRUB , BF  ,        SU   ,C3   , NAT , CJ1626 S-2910
pectis angustifolia,PEAN ,  A  , FORB , BS  ,        SU   ,C4   , NAT , CJ1685 S-2380
pectis papposa,PEPA ,  A  , FORB , BS  ,        SU   ,C4   , NAT , CJ1685 S-2149
pectis prostrata,PEPR ,  A  , FORB , PS  ,        SU   , .   , NAT , CJ1684
pellaea longimucronata,PELO ,  P  , FERN , MS  ,        .    ,C3   , NAT , CJ  54
penstemon ambiguus,PEAM ,  P  ,SHRUB , .   ,        SU   ,.    , NAT , CJ1422
perezia nana,PENA ,  P  , FORB , BS  ,     SP-SU   ,C3   , NAT , CJ1721 S-2285
perezia wrightii,PEWR ,  P  , FORB , MS  ,        SU   ,C3   , NAT , CJ1721
petalostemum compactum,PECO ,  P  , FORB , GI  ,        SU   ,.    , NAT , CJ 830
phacelia coerulea,PHCO ,  A  , FORB , BS  ,        SP   ,C3   , NAT , CJ1276 S-2259
phacelia integrifolia,PHIT ,  A  , FORB , BD  ,        SP   ,.    , NAT , CJ1276
phacelia intermedia,PHIN ,  A  , FORB , BS  ,        SP   ,C3   , NAT , CJ1276
phacelia popei,PHPO ,  A  , FORB , TW  ,        SP   ,.    , NAT , CJ1276
phaseolus acutifolius,PHAC ,  P  , FORB , GS  ,        SU   ,.    , NAT , CJ 888 P-378
phaseolus wrightii,PHWR ,  P  , FORB , .   ,        SU   ,.    , NAT , CJ 887
phyla incisa,PHIC ,  P  , FORB , .   ,     SP-SU   ,.    , NAT , CJ1332
physalis hederaefolia,PHHE ,  P  , FORB , MS  ,        SU   ,C3   , NAT , CJ1390
plantago patagonica,PLPA ,  A  , FORB , BF  ,        SP   ,C3   , NAT , CJ1478
pleuraphis mutica,PLMU ,  P  ,GRASS , BS  ,        SU   ,C4   , NAT , KA 165
poa fendleriana,POFE ,  P  ,GRASS , BF  ,     SP-SU   ,C3   , NAT , KA 172
polanisia uniglandulosa,POUN ,  A  , FORB , BF  ,        SU   ,C3   , NAT , CJ 707
porophyllum scoparium,POSC ,  P  ,SHRUB , MS  ,     SP-SU   ,C3   , NAT , CJ1686 S-2292
portulaca mundula,POMU ,  A  , FORB , BS  ,        SU   ,C4   , NAT , CJ 607 S-2906
portulaca parvula,POPA ,  A  , FORB , BS  ,        SU   ,C4   , NAT , CJ 607
portulaca oleracea,POOL ,  A  , FORB , PC  ,        SU   ,C4   , NAT , CJ 607 S-2386A
portulaca retusa,PORE ,  A  , FORB , PS  ,        SU   ,C4   , NAT , CJ 607
portulaca suffrutescens,POSU ,  P  , FORB , BS  ,     SP-SU   , .   , NAT , CJ 607
proboscidea parviflora,PRPA ,  A  , FORB , BF  ,        SU   ,C3   , NAT , CJ1447
prosopis glandulosa,PRGL ,  P  ,SHRUB , BF  ,     SP-SU   ,C3   , NAT , CJ 783
torreyana (l.,n,,,,,,,
psilostrophe tagetina,PSTA ,  P  , FORB , GI  ,     SP-SU   ,.    , NAT , CJ1701
rafinesquia neomexicana,RANE ,  A  , FORB , BF  ,        SP   ,C3   , NAT , CJ1728
ratibida columnaris,RACO ,  P  , FORB , PC  ,     SP-SU   ,.    , NAT , CJ1644
ratibida tagetes,RATA ,  P  , FORB , PC  ,        SU   ,.    , NAT , CJ1644
rhamnus betulaefolia,RHBE ,  P  ,SHRUB , MS  ,             ,C3   , NAT , CJ1012
rumex hymenosepalus,RUHY ,  P  , FORB , BD  ,        SP   ,.    , NAT , CJ 518
rhus microphylla,RHMI ,  P  ,SHRUB , BF  ,        SP   ,C3   , NAT , CJ 991
road ,ROAD,,,,,,,
salsola kali,SAKA ,  A  , FORB , BF  ,     SP-SU   ,C4  I,NTRO , CJ 551
sanvitalia abertii,SAAB ,  A  , FORB , BF  ,        SU   ,.    , NAT , CJ1635
sarcostemma cynanchoides,SACY ,  P  , FORB , BS  ,        SU   ,C3   , NAT , CJ1237
sarcostemma cynanchoides,SAHA ,  P  , FORB , GS  ,     SP-SU   ,C3   , NAT , CJ1237
schismus arabicus,SCAR ,  A  ,GRASS , .   ,        SP   ,.   I,NTRO , KA 179
scleropogon brevifolius,SCBR ,  P  ,GRASS , BF  ,        SU   ,C4   , NAT , KA 182
selenia dissecta,SEDS ,  A  , FORB , .   ,     SP-SU   ,.    , NAT , CJ 692
selinocarpus diffusus,SEDI ,  P  ,SHRUB , .   ,     SP-SU   ,.    , NAT , CJ 589
senecio longilobus,SELO ,  P  , FORB , BF  ,        SU   ,C3   , NAT , CJ1712
senecio spartioides,SEFR ,  P  , FORB , BF  ,        SU   ,.    , NAT , CJ1711
setaria leucopila,SELE ,  P  ,GRASS , BF  ,        SU   ,C4   , NAT , KA 187 S-2381
sida filicaulis,SIFI ,  P  , FORB , BS  ,        SU   ,C3   , NAT , CJ1052 S-1939
sida leprosa,SILE ,  P  , FORB , PC  ,        SU   ,C3   , NAT , CJ1051 S-2376
sida physocalyx,SIPH ,  P  , FORB , BS  ,        SU   ,C3   , NAT , CJ1052 S-2367
sisymbrium irio,SIIR ,  A  , FORB , BF  ,        SP   ,C3  I,NTRO , CJ 681
soil pit,SOIL,,,,,,,
also listed,SOPI,,,,,,,
solanum elaeagnifolium,SOEL ,  P  , FORB , BS  ,        SU   ,C3   , NAT , CJ1396
sonchus oleraceus,SOOL ,  A  , FORB , PS  ,     SP-SU   ,.   I,NTRO , CJ1731
sophora nuttalliana,SONU ,  P  , FORB ," PC,P",S       SP   ,C3   , NAT , CJ 798
sphaeralcea angustifolia,SPAN ,  P  , FORB , BS  ,        SU   ,C3   , NAT , CJ1046
sphaeralcea coccinea,SPCC ,  P  , FORB , GI  ,     SP-SU   ,C3   , NAT , CJ1044
sphaeralcea incana,SPIN ,  P  , FORB , MS  ,     SP-SU   ,C3   , NAT , CJ1047
sphaeralcea subhastata,SPSU ,  P  , FORB , BS  ,     SP-SU   ,C3   , NAT , CJ1045 S-2294
sphaerophysa salsula,SPSA ,  P  , FORB , PC  ,     SP-SU   ,C3  I,NTRO , CJ 837
sporobolus airoides,SPAI ,  P  ,GRASS , PTTE,     SP-SU   ,C4   , NAT , KA 194
sporobolus contractus,SPCO ,  P  ,GRASS , BS  ,        SU   ,C4   , NAT , KA 192
sporobolus cryptandrus,SPCR ,  P  ,GRASS , BS  ,        SU   ,C4   , NAT , KA 193 S-2382
sporobolus flexuosus,SPFL ,  P  ,GRASS , BF  ,        SU   ,C4   , NAT , KA 193
sporobolus giganteus,SPGI ,  P  ,GRASS ,     ,        SU   , .   , NAT , KA 195
sporobolus pulvinatus,SPPU ,  A  ,GRASS , PT  ,        SU   , .   , NAT , KA 190
stephanomeria exigua,STEX ,  A  , FORB , BS  ,     SP-SU   ,C3   , NAT , CJ1744
stephanomeria pauciflora,STPA ,  P  , FORB , BS  ,        SU   ,C3   , NAT , CJ1744 L-1234
streptanthus arizonicus,STAR ,  A  , FORB , BF  ,        SP   ,C3   , NAT , KP 331 S-2229
talinum angustissimum,TAAN ,  P  , FORB , BA  ,     SP-SU   ,C3   , NAT , CJ 609 L-1231
talinum aurantiacum,TAAU ,  P  , FORB , GI  ,     SP-SU   ,C3   , NAT , CJ 609
tecoma stans,TEST ,  P  ,SHRUB , MS  ,        SU   ,C3   , NAT , CJ1444
tetraclea coulteri,TECO ,  P  , FORB , BS  ,        SU   ,C3   , NAT , CJ1342
thelesperma megapotamicum,THME ,  P  , FORB , .   ,        SU   ,.    , NAT , CJ1667
tidestromia lanuginosa,TILA ,  A  , FORB , BS  ,        SU   ,C4   , NAT , CJ 571 S-2353
townsendia annua,TOAN ,  A  , FORB , CSx ,        SP   , .   , NAT , CJ1610
tragia ramosa,TRRA ,  P  , FORB , BF  ,     SP-SU   ,C3   , NAT , CJ 950 S-2287
tragopogon dubius,TRDU ,  B  , FORB , PC  ,        SU   , .  I,NTRO , CJ1729 P-582
tragus berteronianus,TRBE ,  A  ,GRASS , BS  ,        SU   ,C4   , NAT , KA 202 S-2368
tribulus terrestris,TRTE ,  A  , FORB , BS  ,        SU   ,C4  I,NTRO , CJ 905
tridens muticus,TRMU ,  P  ,GRASS , BD  ,        SU   ,C4   , NAT , KA 203
trixis californica,TRCL ,  P  ,SHRUB , MS  ,     SP-SU   ,C3   , NAT , CJ1721 S-2293
ungnadia speciosa,UGSP ,  P  ,SHRUB , MS  ,        SP   ,C3   , NAT , CJ1006
verbena ambrosifolia,VEAM ,  P  , FORB , BF  ,     SP-SU   ,C3   , NAT , CJ1324
verbena bracteata,VEBR ,  .  , FORB , .   ,     SP-SU   ,.   I,NTRO , CJ1322
verbena wrightii,VEWR ,  P  , FORB , BS  ,     SP-SU   ,C3   , NAT , CJ1325 S-2250
verbesina encelioides,VEEN ,  A  , FORB , BF  ,        SU   ,C3   , NAT , CJ1657 S-2150
vicia ludoviciana,VILU ,  A  , FORB , BD  ,        SP   ,.    , NAT , CJ874
viguiera annua,VIAN ,  A  , FORB , RS  ,        SU   ,.    , NAT , CJ1646
viguiera dentata,VIDE ,  P  , FORB , .   ,        SU   ,.    , NAT , CJ1645
vulpia octoflora,VUOC ,  A  ,GRASS , BF  ,        SP   ,C3   , NAT , KA 208
xanthium strumarium,XAST ,  A  , FORB , PC  ,        SU   ,C3   , NAT , CJ1634
xanthocephalum microcephalum,XAMI ,  P  ,S-SHR , BS  ,        SU   ,C3   , NAT , CJ1574 S-2904
xanthocephalum sarothrae,XASA ,  P  ,S-SHR , BF  ,        SU   ,C3   , NAT , CJ1574 S-2148
xanthocephalum sphaerocephalum,XASP ,  A  , FORB , PC  ,        SU   ,C3   , NAT , CJ1575 S-1938
xanthocephalum texanum,XATE ,  A  , FORB , .   ,        SU   ,.    , NAT , CJ1575
yucca baccata,YUBA ,  P  ,LF-SU , BA  ,        SP  C,AM   , NAT , CJ 397
yucca elata,YUEL ,  P  ,LF-SU , BS  ,        SP   ,C3   , NAT , CJ 400
zephyranthes longifolia,ZELO ,  P  ,LF-SU , BS  ,        SU   ,C3   , NAT , CJ 418 L-1244
zinnia acerosa,ZIAC ,  P  ,S-SHR , BS  ,        SU   ,C3   , NAT , CJ1634
zinnia grandiflora,ZIGR ,  P  ,S-SHR , BS  ,        SU   ,C3   , NAT , CJ1634
ziziphus obtusifolia,ZIOB ,  P  ,SHRUB , BF  ,     SP-SU   ,C3   , NAT , CJ1013 L-1239
